{
  "project_info": {
    "project_number": "204765166565",
    "project_id": "gomeat-a2949",
    "storage_bucket": "gomeat-a2949.appspot.com"
  },
  "client": [
    {
      "client_info": {
        "mobilesdk_app_id": "1:204765166565:android:0bd2fa660620d01c0acd0c",
        "android_client_info": {
          "package_name": "com.gomeat.app"
        }
      },
      "oauth_client": [
        {
          "client_id": "204765166565-gef3qiffioflkdd74ctkc03pdbhaonmg.apps.googleusercontent.com",
          "client_type": 1,
          "android_info": {
            "package_name": "com.gomeat.app",
            "certificate_hash": "48f97620ed433b637b0cf57774c84f25aa69d7c7"
          }
        },
        {
          "client_id": "204765166565-tmqe3c6sb1e0iaf83rstrgu9kv1cime8.apps.googleusercontent.com",
          "client_type": 1,
          "android_info": {
            "package_name": "com.gomeat.app",
            "certificate_hash": "503d61c841587184ad3aa27de435ef7cd298d785"
          }
        },
        {
          "client_id": "204765166565-90lhvqgfe92rd2s4esbcudaacre9jqdu.apps.googleusercontent.com",
          "client_type": 3
        }
      ],
      "api_key": [
        {
          "current_key": "AIzaSyDRXD26aJi3Z-mArXeduHcM4OXP7KLTYM4"
        }
      ],
      "services": {
        "appinvite_service": {
          "other_platform_oauth_client": [
            {
              "client_id": "204765166565-90lhvqgfe92rd2s4esbcudaacre9jqdu.apps.googleusercontent.com",
              "client_type": 3
            }
          ]
        }
      }
    }
  ],
  "configuration_version": "1"
}